{"files":[{"fileName":"./PowerShellGet.psd1","SPDXID":"SPDXRef-File--PowerShellGet.psd1-87CDC0160E10136476FF5A337DAE25757228DFE3","checksums":[{"algorithm":"SHA256","checksumValue":"b38e4ddcdde578e94e1c78519546ba184b42a7ccdfebdf54cc7720c0c1987075"},{"algorithm":"SHA1","checksumValue":"87cdc0160e10136476ff5a337dae25757228dfe3"}],"licenseConcluded":"NOASSERTION","licenseInfoInFile":["NOASSERTION"],"copyrightText":"NOASSERTION"},{"fileName":"./netstandard2.0/NuGet.Frameworks.dll","SPDXID":"SPDXRef-File--netstandard2.0-NuGet.Frameworks.dll-7D3BCAEDAD57DF367D959F8C0F9E44A7F394138E","checksums":[{"algorithm":"SHA256","checksumValue":"115cde90541a1bfa6a88979d7febdb033f1e19c4a7cd0ca79143499d08457070"},{"algorithm":"SHA1","checksumValue":"7d3bcaedad57df367d959f8c0f9e44a7f394138e"}],"licenseConcluded":"NOASSERTION","licenseInfoInFile":["NOASSERTION"],"copyrightText":"NOASSERTION"},{"fileName":"./PSGet.Format.ps1xml","SPDXID":"SPDXRef-File--PSGet.Format.ps1xml-801C5504B26DC7A781766FDC89EA76C7907F1218","checksums":[{"algorithm":"SHA256","checksumValue":"96884c9bce535c121657dbd3fe2116eb101b39b8564c00a8da03fee2b8f64370"},{"algorithm":"SHA1","checksumValue":"801c5504b26dc7a781766fdc89ea76c7907f1218"}],"licenseConcluded":"NOASSERTION","licenseInfoInFile":["NOASSERTION"],"copyrightText":"NOASSERTION"},{"fileName":"./netstandard2.0/NuGet.Packaging.dll","SPDXID":"SPDXRef-File--netstandard2.0-NuGet.Packaging.dll-BB02F747AA53DD65355CC29AFD7E638EDF9524F2","checksums":[{"algorithm":"SHA256","checksumValue":"b822ca66c3303ca8ea1bcc1c1f8728f5c9983bc8d37819389e5431a370f65b2b"},{"algorithm":"SHA1","checksumValue":"bb02f747aa53dd65355cc29afd7e638edf9524f2"}],"licenseConcluded":"NOASSERTION","licenseInfoInFile":["NOASSERTION"],"copyrightText":"NOASSERTION"},{"fileName":"./en-US/PowerShellGet.dll-Help.xml","SPDXID":"SPDXRef-File--en-US-PowerShellGet.dll-Help.xml-8F42D7220F034D54BFA114BD9BF0C94EEABFDB21","checksums":[{"algorithm":"SHA256","checksumValue":"41d98b73f72bd90e6a728e62afa746b92726ed3be0f717b735005f6169bb2173"},{"algorithm":"SHA1","checksumValue":"8f42d7220f034d54bfa114bd9bf0c94eeabfdb21"}],"licenseConcluded":"NOASSERTION","licenseInfoInFile":["NOASSERTION"],"copyrightText":"NOASSERTION"},{"fileName":"./netstandard2.0/NuGet.ProjectModel.dll","SPDXID":"SPDXRef-File--netstandard2.0-NuGet.ProjectModel.dll-7097482D6F79B93EF4AEC4DF2DE6A7BF2043DFA1","checksums":[{"algorithm":"SHA256","checksumValue":"702a87da6a1a3c5a991f576b459ca4bdb51cacf1cfbe8311c2d77190bad91c5f"},{"algorithm":"SHA1","checksumValue":"7097482d6f79b93ef4aec4df2de6a7bf2043dfa1"}],"licenseConcluded":"NOASSERTION","licenseInfoInFile":["NOASSERTION"],"copyrightText":"NOASSERTION"},{"fileName":"./netstandard2.0/MoreLinq.dll","SPDXID":"SPDXRef-File--netstandard2.0-MoreLinq.dll-E8FD217B6B62FA98AB5E8C5742B8BA64D6BEDFBD","checksums":[{"algorithm":"SHA256","checksumValue":"1ae6ea0f79d75678d6987dbce9c1ac380b4135e56a0920b8265afbb56076e2fa"},{"algorithm":"SHA1","checksumValue":"e8fd217b6b62fa98ab5e8c5742b8ba64d6bedfbd"}],"licenseConcluded":"NOASSERTION","licenseInfoInFile":["NOASSERTION"],"copyrightText":"NOASSERTION"},{"fileName":"./netstandard2.0/NuGet.Protocol.dll","SPDXID":"SPDXRef-File--netstandard2.0-NuGet.Protocol.dll-89EA73C48BA6F88F6BD28A64EE5C0CD98F6914A1","checksums":[{"algorithm":"SHA256","checksumValue":"a8efd1eab81b98652fac6beba26162640dd2f81d6e470ceea9672fa99cd0d555"},{"algorithm":"SHA1","checksumValue":"89ea73c48ba6f88f6bd28a64ee5c0cd98f6914a1"}],"licenseConcluded":"NOASSERTION","licenseInfoInFile":["NOASSERTION"],"copyrightText":"NOASSERTION"},{"fileName":"./netstandard2.0/Newtonsoft.Json.dll","SPDXID":"SPDXRef-File--netstandard2.0-Newtonsoft.Json.dll-956A16A06E540ABB8F2E3C82D7F1AD8F9020F0A6","checksums":[{"algorithm":"SHA256","checksumValue":"05a3f6077c3577ac7733c33429be201cbe46700dccac7ea805afb9bcafbb7a4d"},{"algorithm":"SHA1","checksumValue":"956a16a06e540abb8f2e3c82d7f1ad8f9020f0a6"}],"licenseConcluded":"NOASSERTION","licenseInfoInFile":["NOASSERTION"],"copyrightText":"NOASSERTION"},{"fileName":"./netstandard2.0/NuGet.Repositories.dll","SPDXID":"SPDXRef-File--netstandard2.0-NuGet.Repositories.dll-833BB71A67888D1A32AA7BB145D207F07C8EB784","checksums":[{"algorithm":"SHA256","checksumValue":"9de9740d0dab95a0e204fc5420684862cb14d72010319709ef48bf6208ff00ca"},{"algorithm":"SHA1","checksumValue":"833bb71a67888d1a32aa7bb145d207f07c8eb784"}],"licenseConcluded":"NOASSERTION","licenseInfoInFile":["NOASSERTION"],"copyrightText":"NOASSERTION"},{"fileName":"./netstandard2.0/NuGet.Commands.dll","SPDXID":"SPDXRef-File--netstandard2.0-NuGet.Commands.dll-059DE1388079CD271FC0062D8212EC8124CA408A","checksums":[{"algorithm":"SHA256","checksumValue":"617f61779cdcdae78cc6c4a8fa5c4b512fbfc9a19b2a5f62c886a95ac1c81536"},{"algorithm":"SHA1","checksumValue":"059de1388079cd271fc0062d8212ec8124ca408a"}],"licenseConcluded":"NOASSERTION","licenseInfoInFile":["NOASSERTION"],"copyrightText":"NOASSERTION"},{"fileName":"./netstandard2.0/NuGet.Versioning.dll","SPDXID":"SPDXRef-File--netstandard2.0-NuGet.Versioning.dll-E229CD008208C82CFB4B55B9293AD1ADCBA5B06E","checksums":[{"algorithm":"SHA256","checksumValue":"1754b84ac16c3c2fc2c23912fa47a2cadf0fd735d7993509d4789ed418783f23"},{"algorithm":"SHA1","checksumValue":"e229cd008208c82cfb4b55b9293ad1adcba5b06e"}],"licenseConcluded":"NOASSERTION","licenseInfoInFile":["NOASSERTION"],"copyrightText":"NOASSERTION"},{"fileName":"./netstandard2.0/NuGet.Common.dll","SPDXID":"SPDXRef-File--netstandard2.0-NuGet.Common.dll-71B7B7B16498F7F526582CF3CCAA48B091E2D196","checksums":[{"algorithm":"SHA256","checksumValue":"ac3faecd7e4759e1ab59805ff26b1224f02d85a713db8725aadd636000f4e148"},{"algorithm":"SHA1","checksumValue":"71b7b7b16498f7f526582cf3ccaa48b091e2d196"}],"licenseConcluded":"NOASSERTION","licenseInfoInFile":["NOASSERTION"],"copyrightText":"NOASSERTION"},{"fileName":"./netstandard2.0/PowerShellGet.dll","SPDXID":"SPDXRef-File--netstandard2.0-PowerShellGet.dll-EF792DBD4DC963C4FCC0AB37218AEC207724D0E6","checksums":[{"algorithm":"SHA256","checksumValue":"8e4e50dd00350622f0b880b07d71437347444a950d037e5481f4266849af5601"},{"algorithm":"SHA1","checksumValue":"ef792dbd4dc963c4fcc0ab37218aec207724d0e6"}],"licenseConcluded":"NOASSERTION","licenseInfoInFile":["NOASSERTION"],"copyrightText":"NOASSERTION"},{"fileName":"./netstandard2.0/NuGet.Configuration.dll","SPDXID":"SPDXRef-File--netstandard2.0-NuGet.Configuration.dll-22A5AAAE703A5DCCDBD1C289B5120D285C665D4B","checksums":[{"algorithm":"SHA256","checksumValue":"12acb169f9601007a6d4cacc465d0cdfc9f0ae8f012905c9427d6afa3b6768bd"},{"algorithm":"SHA1","checksumValue":"22a5aaae703a5dccdbd1c289b5120d285c665d4b"}],"licenseConcluded":"NOASSERTION","licenseInfoInFile":["NOASSERTION"],"copyrightText":"NOASSERTION"},{"fileName":"./netstandard2.0/PowerShellGet.pdb","SPDXID":"SPDXRef-File--netstandard2.0-PowerShellGet.pdb-34F5C356A11BCBEDDAEEB43C0A5B0D3FCDB1F972","checksums":[{"algorithm":"SHA256","checksumValue":"122a8fa1891ca647de82023f4eaff2d535b7daf69a12840daa1054a78b648b47"},{"algorithm":"SHA1","checksumValue":"34f5c356a11bcbeddaeeb43c0a5b0d3fcdb1f972"}],"licenseConcluded":"NOASSERTION","licenseInfoInFile":["NOASSERTION"],"copyrightText":"NOASSERTION"}],"packages":[{"name":"NuGet.ProjectModel","SPDXID":"SPDXRef-Package-NuGet.ProjectModel-5.8.0-2C90D3D5E55D5EF0C30313C1DBDC239136BA8347","downloadLocation":"NOASSERTION","filesAnalyzed":false,"licenseConcluded":"NOASSERTION","licenseInfoFromFiles":["NOASSERTION"],"licenseDeclared":"NOASSERTION","copyrightText":"NOASSERTION","versionInfo":"5.8.0","checksums":[{"algorithm":"SHA256","checksumValue":"020234f8c68f3ecda54071a2bd2145a3ab0fcdd94329606fca7c9ebd39a5a70f"},{"algorithm":"SHA1","checksumValue":"2c90d3d5e55d5ef0c30313c1dbdc239136ba8347"}],"externalRefs":[{"referenceCategory":"PACKAGE_MANAGER","referenceType":"purl","referenceLocator":"pkg:nuget/NuGet.ProjectModel@5.8.0"}],"supplier":"NOASSERTION","hasFiles":null},{"name":"NuGet.Credentials","SPDXID":"SPDXRef-Package-NuGet.Credentials-5.8.0-2C90D3D5E55D5EF0C30313C1DBDC239136BA8347","downloadLocation":"NOASSERTION","filesAnalyzed":false,"licenseConcluded":"NOASSERTION","licenseInfoFromFiles":["NOASSERTION"],"licenseDeclared":"NOASSERTION","copyrightText":"NOASSERTION","versionInfo":"5.8.0","checksums":[{"algorithm":"SHA256","checksumValue":"020234f8c68f3ecda54071a2bd2145a3ab0fcdd94329606fca7c9ebd39a5a70f"},{"algorithm":"SHA1","checksumValue":"2c90d3d5e55d5ef0c30313c1dbdc239136ba8347"}],"externalRefs":[{"referenceCategory":"PACKAGE_MANAGER","referenceType":"purl","referenceLocator":"pkg:nuget/NuGet.Credentials@5.8.0"}],"supplier":"NOASSERTION","hasFiles":null},{"name":"System.Security.Cryptography.ProtectedData","SPDXID":"SPDXRef-Package-System.Security.Cryptography.ProtectedData-4.4.0-2C90D3D5E55D5EF0C30313C1DBDC239136BA8347","downloadLocation":"NOASSERTION","filesAnalyzed":false,"licenseConcluded":"NOASSERTION","licenseInfoFromFiles":["NOASSERTION"],"licenseDeclared":"NOASSERTION","copyrightText":"NOASSERTION","versionInfo":"4.4.0","checksums":[{"algorithm":"SHA256","checksumValue":"020234f8c68f3ecda54071a2bd2145a3ab0fcdd94329606fca7c9ebd39a5a70f"},{"algorithm":"SHA1","checksumValue":"2c90d3d5e55d5ef0c30313c1dbdc239136ba8347"}],"externalRefs":[{"referenceCategory":"PACKAGE_MANAGER","referenceType":"purl","referenceLocator":"pkg:nuget/System.Security.Cryptography.ProtectedData@4.4.0"}],"supplier":"NOASSERTION","hasFiles":null},{"name":"NuGet.Configuration","SPDXID":"SPDXRef-Package-NuGet.Configuration-5.8.0-2C90D3D5E55D5EF0C30313C1DBDC239136BA8347","downloadLocation":"NOASSERTION","filesAnalyzed":false,"licenseConcluded":"NOASSERTION","licenseInfoFromFiles":["NOASSERTION"],"licenseDeclared":"NOASSERTION","copyrightText":"NOASSERTION","versionInfo":"5.8.0","checksums":[{"algorithm":"SHA256","checksumValue":"020234f8c68f3ecda54071a2bd2145a3ab0fcdd94329606fca7c9ebd39a5a70f"},{"algorithm":"SHA1","checksumValue":"2c90d3d5e55d5ef0c30313c1dbdc239136ba8347"}],"externalRefs":[{"referenceCategory":"PACKAGE_MANAGER","referenceType":"purl","referenceLocator":"pkg:nuget/NuGet.Configuration@5.8.0"}],"supplier":"NOASSERTION","hasFiles":null},{"name":"NuGet.LibraryModel","SPDXID":"SPDXRef-Package-NuGet.LibraryModel-5.8.0-2C90D3D5E55D5EF0C30313C1DBDC239136BA8347","downloadLocation":"NOASSERTION","filesAnalyzed":false,"licenseConcluded":"NOASSERTION","licenseInfoFromFiles":["NOASSERTION"],"licenseDeclared":"NOASSERTION","copyrightText":"NOASSERTION","versionInfo":"5.8.0","checksums":[{"algorithm":"SHA256","checksumValue":"020234f8c68f3ecda54071a2bd2145a3ab0fcdd94329606fca7c9ebd39a5a70f"},{"algorithm":"SHA1","checksumValue":"2c90d3d5e55d5ef0c30313c1dbdc239136ba8347"}],"externalRefs":[{"referenceCategory":"PACKAGE_MANAGER","referenceType":"purl","referenceLocator":"pkg:nuget/NuGet.LibraryModel@5.8.0"}],"supplier":"NOASSERTION","hasFiles":null},{"name":"NuGet.Common","SPDXID":"SPDXRef-Package-NuGet.Common-5.8.0-2C90D3D5E55D5EF0C30313C1DBDC239136BA8347","downloadLocation":"NOASSERTION","filesAnalyzed":false,"licenseConcluded":"NOASSERTION","licenseInfoFromFiles":["NOASSERTION"],"licenseDeclared":"NOASSERTION","copyrightText":"NOASSERTION","versionInfo":"5.8.0","checksums":[{"algorithm":"SHA256","checksumValue":"020234f8c68f3ecda54071a2bd2145a3ab0fcdd94329606fca7c9ebd39a5a70f"},{"algorithm":"SHA1","checksumValue":"2c90d3d5e55d5ef0c30313c1dbdc239136ba8347"}],"externalRefs":[{"referenceCategory":"PACKAGE_MANAGER","referenceType":"purl","referenceLocator":"pkg:nuget/NuGet.Common@5.8.0"}],"supplier":"NOASSERTION","hasFiles":null},{"name":"LinqKit.Core","SPDXID":"SPDXRef-Package-LinqKit.Core-1.1.17-2C90D3D5E55D5EF0C30313C1DBDC239136BA8347","downloadLocation":"NOASSERTION","filesAnalyzed":false,"licenseConcluded":"NOASSERTION","licenseInfoFromFiles":["NOASSERTION"],"licenseDeclared":"NOASSERTION","copyrightText":"NOASSERTION","versionInfo":"1.1.17","checksums":[{"algorithm":"SHA256","checksumValue":"020234f8c68f3ecda54071a2bd2145a3ab0fcdd94329606fca7c9ebd39a5a70f"},{"algorithm":"SHA1","checksumValue":"2c90d3d5e55d5ef0c30313c1dbdc239136ba8347"}],"externalRefs":[{"referenceCategory":"PACKAGE_MANAGER","referenceType":"purl","referenceLocator":"pkg:nuget/LinqKit.Core@1.1.17"}],"supplier":"NOASSERTION","hasFiles":null},{"name":"Newtonsoft.Json","SPDXID":"SPDXRef-Package-Newtonsoft.Json-9.0.1-2C90D3D5E55D5EF0C30313C1DBDC239136BA8347","downloadLocation":"NOASSERTION","filesAnalyzed":false,"licenseConcluded":"NOASSERTION","licenseInfoFromFiles":["NOASSERTION"],"licenseDeclared":"NOASSERTION","copyrightText":"NOASSERTION","versionInfo":"9.0.1","checksums":[{"algorithm":"SHA256","checksumValue":"020234f8c68f3ecda54071a2bd2145a3ab0fcdd94329606fca7c9ebd39a5a70f"},{"algorithm":"SHA1","checksumValue":"2c90d3d5e55d5ef0c30313c1dbdc239136ba8347"}],"externalRefs":[{"referenceCategory":"PACKAGE_MANAGER","referenceType":"purl","referenceLocator":"pkg:nuget/Newtonsoft.Json@9.0.1"}],"supplier":"NOASSERTION","hasFiles":null},{"name":"NuGet.Protocol","SPDXID":"SPDXRef-Package-NuGet.Protocol-5.8.0-2C90D3D5E55D5EF0C30313C1DBDC239136BA8347","downloadLocation":"NOASSERTION","filesAnalyzed":false,"licenseConcluded":"NOASSERTION","licenseInfoFromFiles":["NOASSERTION"],"licenseDeclared":"NOASSERTION","copyrightText":"NOASSERTION","versionInfo":"5.8.0","checksums":[{"algorithm":"SHA256","checksumValue":"020234f8c68f3ecda54071a2bd2145a3ab0fcdd94329606fca7c9ebd39a5a70f"},{"algorithm":"SHA1","checksumValue":"2c90d3d5e55d5ef0c30313c1dbdc239136ba8347"}],"externalRefs":[{"referenceCategory":"PACKAGE_MANAGER","referenceType":"purl","referenceLocator":"pkg:nuget/NuGet.Protocol@5.8.0"}],"supplier":"NOASSERTION","hasFiles":null},{"name":"System.Data.DataSetExtensions","SPDXID":"SPDXRef-Package-System.Data.DataSetExtensions-4.6.0-preview3.19128.7-2C90D3D5E55D5EF0C30313C1DBDC239136BA8347","downloadLocation":"NOASSERTION","filesAnalyzed":false,"licenseConcluded":"NOASSERTION","licenseInfoFromFiles":["NOASSERTION"],"licenseDeclared":"NOASSERTION","copyrightText":"NOASSERTION","versionInfo":"4.6.0-preview3.19128.7","checksums":[{"algorithm":"SHA256","checksumValue":"020234f8c68f3ecda54071a2bd2145a3ab0fcdd94329606fca7c9ebd39a5a70f"},{"algorithm":"SHA1","checksumValue":"2c90d3d5e55d5ef0c30313c1dbdc239136ba8347"}],"externalRefs":[{"referenceCategory":"PACKAGE_MANAGER","referenceType":"purl","referenceLocator":"pkg:nuget/System.Data.DataSetExtensions@4.6.0-preview3.19128.7"}],"supplier":"NOASSERTION","hasFiles":null},{"name":"NuGet.Versioning","SPDXID":"SPDXRef-Package-NuGet.Versioning-5.8.0-2C90D3D5E55D5EF0C30313C1DBDC239136BA8347","downloadLocation":"NOASSERTION","filesAnalyzed":false,"licenseConcluded":"NOASSERTION","licenseInfoFromFiles":["NOASSERTION"],"licenseDeclared":"NOASSERTION","copyrightText":"NOASSERTION","versionInfo":"5.8.0","checksums":[{"algorithm":"SHA256","checksumValue":"020234f8c68f3ecda54071a2bd2145a3ab0fcdd94329606fca7c9ebd39a5a70f"},{"algorithm":"SHA1","checksumValue":"2c90d3d5e55d5ef0c30313c1dbdc239136ba8347"}],"externalRefs":[{"referenceCategory":"PACKAGE_MANAGER","referenceType":"purl","referenceLocator":"pkg:nuget/NuGet.Versioning@5.8.0"}],"supplier":"NOASSERTION","hasFiles":null},{"name":"PowerShellStandard.Library","SPDXID":"SPDXRef-Package-PowerShellStandard.Library-7.0.0-preview.1-2C90D3D5E55D5EF0C30313C1DBDC239136BA8347","downloadLocation":"NOASSERTION","filesAnalyzed":false,"licenseConcluded":"NOASSERTION","licenseInfoFromFiles":["NOASSERTION"],"licenseDeclared":"NOASSERTION","copyrightText":"NOASSERTION","versionInfo":"7.0.0-preview.1","checksums":[{"algorithm":"SHA256","checksumValue":"020234f8c68f3ecda54071a2bd2145a3ab0fcdd94329606fca7c9ebd39a5a70f"},{"algorithm":"SHA1","checksumValue":"2c90d3d5e55d5ef0c30313c1dbdc239136ba8347"}],"externalRefs":[{"referenceCategory":"PACKAGE_MANAGER","referenceType":"purl","referenceLocator":"pkg:nuget/PowerShellStandard.Library@7.0.0-preview.1"}],"supplier":"NOASSERTION","hasFiles":null},{"name":"NuGet.DependencyResolver.Core","SPDXID":"SPDXRef-Package-NuGet.DependencyResolver.Core-5.8.0-2C90D3D5E55D5EF0C30313C1DBDC239136BA8347","downloadLocation":"NOASSERTION","filesAnalyzed":false,"licenseConcluded":"NOASSERTION","licenseInfoFromFiles":["NOASSERTION"],"licenseDeclared":"NOASSERTION","copyrightText":"NOASSERTION","versionInfo":"5.8.0","checksums":[{"algorithm":"SHA256","checksumValue":"020234f8c68f3ecda54071a2bd2145a3ab0fcdd94329606fca7c9ebd39a5a70f"},{"algorithm":"SHA1","checksumValue":"2c90d3d5e55d5ef0c30313c1dbdc239136ba8347"}],"externalRefs":[{"referenceCategory":"PACKAGE_MANAGER","referenceType":"purl","referenceLocator":"pkg:nuget/NuGet.DependencyResolver.Core@5.8.0"}],"supplier":"NOASSERTION","hasFiles":null},{"name":"NuGet.Commands","SPDXID":"SPDXRef-Package-NuGet.Commands-5.8.0-2C90D3D5E55D5EF0C30313C1DBDC239136BA8347","downloadLocation":"NOASSERTION","filesAnalyzed":false,"licenseConcluded":"NOASSERTION","licenseInfoFromFiles":["NOASSERTION"],"licenseDeclared":"NOASSERTION","copyrightText":"NOASSERTION","versionInfo":"5.8.0","checksums":[{"algorithm":"SHA256","checksumValue":"020234f8c68f3ecda54071a2bd2145a3ab0fcdd94329606fca7c9ebd39a5a70f"},{"algorithm":"SHA1","checksumValue":"2c90d3d5e55d5ef0c30313c1dbdc239136ba8347"}],"externalRefs":[{"referenceCategory":"PACKAGE_MANAGER","referenceType":"purl","referenceLocator":"pkg:nuget/NuGet.Commands@5.8.0"}],"supplier":"NOASSERTION","hasFiles":null},{"name":"NuGet.Packaging","SPDXID":"SPDXRef-Package-NuGet.Packaging-5.8.0-2C90D3D5E55D5EF0C30313C1DBDC239136BA8347","downloadLocation":"NOASSERTION","filesAnalyzed":false,"licenseConcluded":"NOASSERTION","licenseInfoFromFiles":["NOASSERTION"],"licenseDeclared":"NOASSERTION","copyrightText":"NOASSERTION","versionInfo":"5.8.0","checksums":[{"algorithm":"SHA256","checksumValue":"020234f8c68f3ecda54071a2bd2145a3ab0fcdd94329606fca7c9ebd39a5a70f"},{"algorithm":"SHA1","checksumValue":"2c90d3d5e55d5ef0c30313c1dbdc239136ba8347"}],"externalRefs":[{"referenceCategory":"PACKAGE_MANAGER","referenceType":"purl","referenceLocator":"pkg:nuget/NuGet.Packaging@5.8.0"}],"supplier":"NOASSERTION","hasFiles":null},{"name":"NuGet.Frameworks","SPDXID":"SPDXRef-Package-NuGet.Frameworks-5.8.0-2C90D3D5E55D5EF0C30313C1DBDC239136BA8347","downloadLocation":"NOASSERTION","filesAnalyzed":false,"licenseConcluded":"NOASSERTION","licenseInfoFromFiles":["NOASSERTION"],"licenseDeclared":"NOASSERTION","copyrightText":"NOASSERTION","versionInfo":"5.8.0","checksums":[{"algorithm":"SHA256","checksumValue":"020234f8c68f3ecda54071a2bd2145a3ab0fcdd94329606fca7c9ebd39a5a70f"},{"algorithm":"SHA1","checksumValue":"2c90d3d5e55d5ef0c30313c1dbdc239136ba8347"}],"externalRefs":[{"referenceCategory":"PACKAGE_MANAGER","referenceType":"purl","referenceLocator":"pkg:nuget/NuGet.Frameworks@5.8.0"}],"supplier":"NOASSERTION","hasFiles":null},{"name":"NuGet.Repositories","SPDXID":"SPDXRef-Package-NuGet.Repositories-4.3.0-beta1-2418-2C90D3D5E55D5EF0C30313C1DBDC239136BA8347","downloadLocation":"NOASSERTION","filesAnalyzed":false,"licenseConcluded":"NOASSERTION","licenseInfoFromFiles":["NOASSERTION"],"licenseDeclared":"NOASSERTION","copyrightText":"NOASSERTION","versionInfo":"4.3.0-beta1-2418","checksums":[{"algorithm":"SHA256","checksumValue":"020234f8c68f3ecda54071a2bd2145a3ab0fcdd94329606fca7c9ebd39a5a70f"},{"algorithm":"SHA1","checksumValue":"2c90d3d5e55d5ef0c30313c1dbdc239136ba8347"}],"externalRefs":[{"referenceCategory":"PACKAGE_MANAGER","referenceType":"purl","referenceLocator":"pkg:nuget/NuGet.Repositories@4.3.0-beta1-2418"}],"supplier":"NOASSERTION","hasFiles":null},{"name":"morelinq","SPDXID":"SPDXRef-Package-morelinq-3.3.2-2C90D3D5E55D5EF0C30313C1DBDC239136BA8347","downloadLocation":"NOASSERTION","filesAnalyzed":false,"licenseConcluded":"NOASSERTION","licenseInfoFromFiles":["NOASSERTION"],"licenseDeclared":"NOASSERTION","copyrightText":"NOASSERTION","versionInfo":"3.3.2","checksums":[{"algorithm":"SHA256","checksumValue":"020234f8c68f3ecda54071a2bd2145a3ab0fcdd94329606fca7c9ebd39a5a70f"},{"algorithm":"SHA1","checksumValue":"2c90d3d5e55d5ef0c30313c1dbdc239136ba8347"}],"externalRefs":[{"referenceCategory":"PACKAGE_MANAGER","referenceType":"purl","referenceLocator":"pkg:nuget/morelinq@3.3.2"}],"supplier":"NOASSERTION","hasFiles":null},{"name":"System.Security.Cryptography.Pkcs","SPDXID":"SPDXRef-Package-System.Security.Cryptography.Pkcs-5.0.0-preview.3.20214.6-2C90D3D5E55D5EF0C30313C1DBDC239136BA8347","downloadLocation":"NOASSERTION","filesAnalyzed":false,"licenseConcluded":"NOASSERTION","licenseInfoFromFiles":["NOASSERTION"],"licenseDeclared":"NOASSERTION","copyrightText":"NOASSERTION","versionInfo":"5.0.0-preview.3.20214.6","checksums":[{"algorithm":"SHA256","checksumValue":"020234f8c68f3ecda54071a2bd2145a3ab0fcdd94329606fca7c9ebd39a5a70f"},{"algorithm":"SHA1","checksumValue":"2c90d3d5e55d5ef0c30313c1dbdc239136ba8347"}],"externalRefs":[{"referenceCategory":"PACKAGE_MANAGER","referenceType":"purl","referenceLocator":"pkg:nuget/System.Security.Cryptography.Pkcs@5.0.0-preview.3.20214.6"}],"supplier":"NOASSERTION","hasFiles":null},{"name":"System.Runtime.CompilerServices.Unsafe","SPDXID":"SPDXRef-Package-System.Runtime.CompilerServices.Unsafe-4.5.2-2C90D3D5E55D5EF0C30313C1DBDC239136BA8347","downloadLocation":"NOASSERTION","filesAnalyzed":false,"licenseConcluded":"NOASSERTION","licenseInfoFromFiles":["NOASSERTION"],"licenseDeclared":"NOASSERTION","copyrightText":"NOASSERTION","versionInfo":"4.5.2","checksums":[{"algorithm":"SHA256","checksumValue":"020234f8c68f3ecda54071a2bd2145a3ab0fcdd94329606fca7c9ebd39a5a70f"},{"algorithm":"SHA1","checksumValue":"2c90d3d5e55d5ef0c30313c1dbdc239136ba8347"}],"externalRefs":[{"referenceCategory":"PACKAGE_MANAGER","referenceType":"purl","referenceLocator":"pkg:nuget/System.Runtime.CompilerServices.Unsafe@4.5.2"}],"supplier":"NOASSERTION","hasFiles":null},{"name":"System.Memory","SPDXID":"SPDXRef-Package-System.Memory-4.5.3-2C90D3D5E55D5EF0C30313C1DBDC239136BA8347","downloadLocation":"NOASSERTION","filesAnalyzed":false,"licenseConcluded":"NOASSERTION","licenseInfoFromFiles":["NOASSERTION"],"licenseDeclared":"NOASSERTION","copyrightText":"NOASSERTION","versionInfo":"4.5.3","checksums":[{"algorithm":"SHA256","checksumValue":"020234f8c68f3ecda54071a2bd2145a3ab0fcdd94329606fca7c9ebd39a5a70f"},{"algorithm":"SHA1","checksumValue":"2c90d3d5e55d5ef0c30313c1dbdc239136ba8347"}],"externalRefs":[{"referenceCategory":"PACKAGE_MANAGER","referenceType":"purl","referenceLocator":"pkg:nuget/System.Memory@4.5.3"}],"supplier":"NOASSERTION","hasFiles":null},{"name":"PowerShellGetV3 Release","SPDXID":"SPDXRef-RootPackage","downloadLocation":"NOASSERTION","packageVerificationCode":{"packageVerificationCodeValue":"a76d4c5d0ba9d15a9e2bc9e2d42aeebdf99ee85a"},"filesAnalyzed":true,"licenseConcluded":"NOASSERTION","licenseInfoFromFiles":["NOASSERTION"],"licenseDeclared":"NOASSERTION","copyrightText":"NOASSERTION","versionInfo":"3158","supplier":"Organization: Microsoft","hasFiles":["SPDXRef-File--netstandard2.0-PowerShellGet.pdb-34F5C356A11BCBEDDAEEB43C0A5B0D3FCDB1F972","SPDXRef-File--netstandard2.0-NuGet.Configuration.dll-22A5AAAE703A5DCCDBD1C289B5120D285C665D4B","SPDXRef-File--netstandard2.0-PowerShellGet.dll-EF792DBD4DC963C4FCC0AB37218AEC207724D0E6","SPDXRef-File--netstandard2.0-NuGet.Common.dll-71B7B7B16498F7F526582CF3CCAA48B091E2D196","SPDXRef-File--netstandard2.0-NuGet.Protocol.dll-89EA73C48BA6F88F6BD28A64EE5C0CD98F6914A1","SPDXRef-File--en-US-PowerShellGet.dll-Help.xml-8F42D7220F034D54BFA114BD9BF0C94EEABFDB21","SPDXRef-File--netstandard2.0-NuGet.Packaging.dll-BB02F747AA53DD65355CC29AFD7E638EDF9524F2","SPDXRef-File--PSGet.Format.ps1xml-801C5504B26DC7A781766FDC89EA76C7907F1218","SPDXRef-File--netstandard2.0-NuGet.Versioning.dll-E229CD008208C82CFB4B55B9293AD1ADCBA5B06E","SPDXRef-File--netstandard2.0-NuGet.Commands.dll-059DE1388079CD271FC0062D8212EC8124CA408A","SPDXRef-File--netstandard2.0-NuGet.Repositories.dll-833BB71A67888D1A32AA7BB145D207F07C8EB784","SPDXRef-File--netstandard2.0-Newtonsoft.Json.dll-956A16A06E540ABB8F2E3C82D7F1AD8F9020F0A6","SPDXRef-File--netstandard2.0-MoreLinq.dll-E8FD217B6B62FA98AB5E8C5742B8BA64D6BEDFBD","SPDXRef-File--netstandard2.0-NuGet.ProjectModel.dll-7097482D6F79B93EF4AEC4DF2DE6A7BF2043DFA1","SPDXRef-File--netstandard2.0-NuGet.Frameworks.dll-7D3BCAEDAD57DF367D959F8C0F9E44A7F394138E","SPDXRef-File--PowerShellGet.psd1-87CDC0160E10136476FF5A337DAE25757228DFE3"]}],"relationships":[{"relationshipType":"DESCRIBES","relatedSpdxElement":"SPDXRef-RootPackage","spdxElementId":"SPDXRef-DOCUMENT"},{"relationshipType":"DEPENDS_ON","relatedSpdxElement":"SPDXRef-Package-System.Memory-4.5.3-2C90D3D5E55D5EF0C30313C1DBDC239136BA8347","spdxElementId":"SPDXRef-RootPackage"},{"relationshipType":"DEPENDS_ON","relatedSpdxElement":"SPDXRef-Package-System.Runtime.CompilerServices.Unsafe-4.5.2-2C90D3D5E55D5EF0C30313C1DBDC239136BA8347","spdxElementId":"SPDXRef-RootPackage"},{"relationshipType":"DEPENDS_ON","relatedSpdxElement":"SPDXRef-Package-System.Security.Cryptography.Pkcs-5.0.0-preview.3.20214.6-2C90D3D5E55D5EF0C30313C1DBDC239136BA8347","spdxElementId":"SPDXRef-RootPackage"},{"relationshipType":"DEPENDS_ON","relatedSpdxElement":"SPDXRef-Package-morelinq-3.3.2-2C90D3D5E55D5EF0C30313C1DBDC239136BA8347","spdxElementId":"SPDXRef-RootPackage"},{"relationshipType":"DEPENDS_ON","relatedSpdxElement":"SPDXRef-Package-NuGet.Repositories-4.3.0-beta1-2418-2C90D3D5E55D5EF0C30313C1DBDC239136BA8347","spdxElementId":"SPDXRef-RootPackage"},{"relationshipType":"DEPENDS_ON","relatedSpdxElement":"SPDXRef-Package-NuGet.Frameworks-5.8.0-2C90D3D5E55D5EF0C30313C1DBDC239136BA8347","spdxElementId":"SPDXRef-RootPackage"},{"relationshipType":"DEPENDS_ON","relatedSpdxElement":"SPDXRef-Package-NuGet.Packaging-5.8.0-2C90D3D5E55D5EF0C30313C1DBDC239136BA8347","spdxElementId":"SPDXRef-RootPackage"},{"relationshipType":"DEPENDS_ON","relatedSpdxElement":"SPDXRef-Package-NuGet.Commands-5.8.0-2C90D3D5E55D5EF0C30313C1DBDC239136BA8347","spdxElementId":"SPDXRef-RootPackage"},{"relationshipType":"DEPENDS_ON","relatedSpdxElement":"SPDXRef-Package-NuGet.DependencyResolver.Core-5.8.0-2C90D3D5E55D5EF0C30313C1DBDC239136BA8347","spdxElementId":"SPDXRef-RootPackage"},{"relationshipType":"DEPENDS_ON","relatedSpdxElement":"SPDXRef-Package-PowerShellStandard.Library-7.0.0-preview.1-2C90D3D5E55D5EF0C30313C1DBDC239136BA8347","spdxElementId":"SPDXRef-RootPackage"},{"relationshipType":"DEPENDS_ON","relatedSpdxElement":"SPDXRef-Package-NuGet.Versioning-5.8.0-2C90D3D5E55D5EF0C30313C1DBDC239136BA8347","spdxElementId":"SPDXRef-RootPackage"},{"relationshipType":"DEPENDS_ON","relatedSpdxElement":"SPDXRef-Package-System.Data.DataSetExtensions-4.6.0-preview3.19128.7-2C90D3D5E55D5EF0C30313C1DBDC239136BA8347","spdxElementId":"SPDXRef-RootPackage"},{"relationshipType":"DEPENDS_ON","relatedSpdxElement":"SPDXRef-Package-NuGet.Protocol-5.8.0-2C90D3D5E55D5EF0C30313C1DBDC239136BA8347","spdxElementId":"SPDXRef-RootPackage"},{"relationshipType":"DEPENDS_ON","relatedSpdxElement":"SPDXRef-Package-Newtonsoft.Json-9.0.1-2C90D3D5E55D5EF0C30313C1DBDC239136BA8347","spdxElementId":"SPDXRef-RootPackage"},{"relationshipType":"DEPENDS_ON","relatedSpdxElement":"SPDXRef-Package-LinqKit.Core-1.1.17-2C90D3D5E55D5EF0C30313C1DBDC239136BA8347","spdxElementId":"SPDXRef-RootPackage"},{"relationshipType":"DEPENDS_ON","relatedSpdxElement":"SPDXRef-Package-NuGet.Common-5.8.0-2C90D3D5E55D5EF0C30313C1DBDC239136BA8347","spdxElementId":"SPDXRef-RootPackage"},{"relationshipType":"DEPENDS_ON","relatedSpdxElement":"SPDXRef-Package-NuGet.LibraryModel-5.8.0-2C90D3D5E55D5EF0C30313C1DBDC239136BA8347","spdxElementId":"SPDXRef-RootPackage"},{"relationshipType":"DEPENDS_ON","relatedSpdxElement":"SPDXRef-Package-System.Security.Cryptography.ProtectedData-4.4.0-2C90D3D5E55D5EF0C30313C1DBDC239136BA8347","spdxElementId":"SPDXRef-RootPackage"},{"relationshipType":"DEPENDS_ON","relatedSpdxElement":"SPDXRef-Package-NuGet.Credentials-5.8.0-2C90D3D5E55D5EF0C30313C1DBDC239136BA8347","spdxElementId":"SPDXRef-RootPackage"},{"relationshipType":"DEPENDS_ON","relatedSpdxElement":"SPDXRef-Package-NuGet.Configuration-5.8.0-2C90D3D5E55D5EF0C30313C1DBDC239136BA8347","spdxElementId":"SPDXRef-RootPackage"},{"relationshipType":"DEPENDS_ON","relatedSpdxElement":"SPDXRef-Package-NuGet.ProjectModel-5.8.0-2C90D3D5E55D5EF0C30313C1DBDC239136BA8347","spdxElementId":"SPDXRef-RootPackage"}],"spdxVersion":"SPDX-2.2","dataLicense":"CC0-1.0","SPDXID":"SPDXRef-DOCUMENT","name":"PowerShellGetV3 Release 3158","documentNamespace":"https://sbom.microsoft/1:CY3irOXOD0W8K-To7Zcoyw:-da6ilDBUk-K21Q46q_WRQ/13:3158/lwJ0JjYZlUa30rnBNSDlEw","creationInfo":{"created":"2021-12-09T18:02:16Z","creators":["Organization: Microsoft","Tool: Microsoft.SBOMTool-2.0.88"]},"documentDescribes":["SPDXRef-RootPackage"]}