<Objs Version="1.1.0.1" xmlns="http://schemas.microsoft.com/powershell/2004/04">
  <Obj RefId="0">
    <TN RefId="0">
      <T>Microsoft.PowerShell.Commands.PSRepositoryItemInfo</T>
      <T>System.Management.Automation.PSCustomObject</T>
      <T>System.Object</T>
    </TN>
    <MS>
      <S N="Name">PowerShellGet</S>
      <S N="Version">3.0.12-beta</S>
      <S N="Type">Module</S>
      <S N="Description">PowerShell module with commands for discovering, installing, updating and publishing the PowerShell artifacts like Modules, Scripts, and DSC Resources.</S>
      <S N="Author">Microsoft Corporation</S>
      <Obj N="CompanyName" RefId="1">
        <TN RefId="1">
          <T>System.Object[]</T>
          <T>System.Array</T>
          <T>System.Object</T>
        </TN>
        <LST>
          <S>PowerShellTeam</S>
          <S>alerickson</S>
          <S>anamnavi</S>
        </LST>
      </Obj>
      <S N="Copyright">(c) Microsoft Corporation. All rights reserved.</S>
      <DT N="PublishedDate">2021-12-09T18:19:36+01:00</DT>
      <Obj N="InstalledDate" RefId="2">
        <DT>2022-03-28T23:16:03.4131955+02:00</DT>
        <MS>
          <Obj N="DisplayHint" RefId="3">
            <TN RefId="2">
              <T>Microsoft.PowerShell.Commands.DisplayHintType</T>
              <T>System.Enum</T>
              <T>System.ValueType</T>
              <T>System.Object</T>
            </TN>
            <ToString>DateTime</ToString>
            <I32>2</I32>
          </Obj>
        </MS>
      </Obj>
      <Nil N="UpdatedDate" />
      <URI N="LicenseUri">https://go.microsoft.com/fwlink/?LinkId=829061</URI>
      <URI N="ProjectUri">https://go.microsoft.com/fwlink/?LinkId=828955</URI>
      <Nil N="IconUri" />
      <Obj N="Tags" RefId="4">
        <TNRef RefId="1" />
        <LST>
          <S>PackageManagement</S>
          <S>PSEdition_Desktop</S>
          <S>PSEdition_Core</S>
          <S>Linux</S>
          <S>Mac</S>
          <S>Windows</S>
          <S>PSModule</S>
        </LST>
      </Obj>
      <Obj N="Includes" RefId="5">
        <TN RefId="3">
          <T>System.Collections.Hashtable</T>
          <T>System.Object</T>
        </TN>
        <DCT>
          <En>
            <S N="Key">Function</S>
            <Obj N="Value" RefId="6">
              <TNRef RefId="1" />
              <LST />
            </Obj>
          </En>
          <En>
            <S N="Key">Command</S>
            <Obj N="Value" RefId="7">
              <TNRef RefId="1" />
              <LST>
                <S>Find-PSResource</S>
                <S>Get-PSResource</S>
                <S>Get-PSResourceRepository</S>
                <S>Install-PSResource</S>
                <S>Register-PSResourceRepository</S>
                <S>Save-PSResource</S>
                <S>Set-PSResourceRepository</S>
                <S>Publish-PSResource</S>
                <S>Uninstall-PSResource</S>
                <S>Unregister-PSResourceRepository</S>
                <S>Update-PSResource</S>
              </LST>
            </Obj>
          </En>
          <En>
            <S N="Key">Cmdlet</S>
            <Obj N="Value" RefId="8">
              <TNRef RefId="1" />
              <LST>
                <S>Find-PSResource</S>
                <S>Get-PSResource</S>
                <S>Get-PSResourceRepository</S>
                <S>Install-PSResource</S>
                <S>Register-PSResourceRepository</S>
                <S>Save-PSResource</S>
                <S>Set-PSResourceRepository</S>
                <S>Publish-PSResource</S>
                <S>Uninstall-PSResource</S>
                <S>Unregister-PSResourceRepository</S>
                <S>Update-PSResource</S>
              </LST>
            </Obj>
          </En>
          <En>
            <S N="Key">DscResource</S>
            <Ref N="Value" RefId="6" />
          </En>
          <En>
            <S N="Key">RoleCapability</S>
            <Ref N="Value" RefId="6" />
          </En>
          <En>
            <S N="Key">Workflow</S>
            <Ref N="Value" RefId="6" />
          </En>
        </DCT>
      </Obj>
      <Nil N="PowerShellGetFormatVersion" />
      <S N="ReleaseNotes">### 3.0.12 beta release_x000D__x000A_See change log (CHANGELOG.md) at https://github.com/PowerShell/PowerShellGet</S>
      <Obj N="Dependencies" RefId="9">
        <TNRef RefId="1" />
        <LST />
      </Obj>
      <S N="RepositorySourceLocation">https://www.powershellgallery.com/api/v2</S>
      <S N="Repository">PSGallery</S>
      <S N="PackageManagementProvider">NuGet</S>
      <Obj N="AdditionalMetadata" RefId="10">
        <TN RefId="4">
          <T>System.Management.Automation.PSCustomObject</T>
          <T>System.Object</T>
        </TN>
        <MS>
          <S N="copyright">(c) Microsoft Corporation. All rights reserved.</S>
          <S N="description">PowerShell module with commands for discovering, installing, updating and publishing the PowerShell artifacts like Modules, Scripts, and DSC Resources.</S>
          <S N="requireLicenseAcceptance">False</S>
          <S N="releaseNotes">### 3.0.12 beta release_x000D__x000A_See change log (CHANGELOG.md) at https://github.com/PowerShell/PowerShellGet</S>
          <S N="isLatestVersion">False</S>
          <S N="isAbsoluteLatestVersion">True</S>
          <S N="versionDownloadCount">9044</S>
          <S N="downloadCount">62741752</S>
          <S N="packageSize">1412874</S>
          <S N="published">2021-12-09 18:19:36 +01:00</S>
          <S N="created">2021-12-09 18:19:36 +01:00</S>
          <S N="lastUpdated">2022-03-28 21:14:39 +02:00</S>
          <S N="tags">PackageManagement PSEdition_Desktop PSEdition_Core Linux Mac Windows PSModule</S>
          <S N="developmentDependency">False</S>
          <S N="updated">2022-03-28T21:14:39Z</S>
          <S N="NormalizedVersion">3.0.12-beta</S>
          <S N="Authors">Microsoft Corporation</S>
          <S N="IsPrerelease">true</S>
          <S N="ItemType">Module</S>
          <S N="FileList">PowerShellGet.nuspec|PowerShellGet.psd1|PSGet.Format.ps1xml|en-US\PowerShellGet.dll-Help.xml|netstandard2.0\MoreLinq.dll|netstandard2.0\Newtonsoft.Json.dll|netstandard2.0\NuGet.Commands.dll|netstandard2.0\NuGet.Common.dll|netstandard2.0\NuGet.Configuration.dll|netstandard2.0\NuGet.Frameworks.dll|netstandard2.0\NuGet.Packaging.dll|netstandard2.0\NuGet.ProjectModel.dll|netstandard2.0\NuGet.Protocol.dll|netstandard2.0\NuGet.Repositories.dll|netstandard2.0\NuGet.Versioning.dll|netstandard2.0\PowerShellGet.dll|netstandard2.0\PowerShellGet.pdb|_manifest\spdx_2.2\manifest.spdx.json|_manifest\spdx_2.2\manifest.spdx.json.sha256</S>
          <S N="Cmdlets">Find-PSResource Get-PSResource Get-PSResourceRepository Install-PSResource Register-PSResourceRepository Save-PSResource Set-PSResourceRepository Publish-PSResource Uninstall-PSResource Unregister-PSResourceRepository Update-PSResource</S>
          <S N="GUID">1d73a601-4a6c-43c5-ba3f-619b18bbb404</S>
          <S N="PowerShellVersion">5.1</S>
          <S N="DotNetFrameworkVersion">2.0</S>
          <S N="CLRVersion">4.0.0</S>
          <S N="CompanyName">Microsoft Corporation</S>
        </MS>
      </Obj>
      <S N="InstalledLocation">C:\Users\Användaren\Documents\PowerShell\Modules\PowerShellGet\3.0.12</S>
    </MS>
  </Obj>
</Objs>
